{
  "name": "ferret",
  "machine_id": 0,
  "model_params": {
    "ferret1": {
      "file": "/var/www/html/rapid_server/storage/apps/algaesim-ferret/ferret1",
      "mse": 0.03839861461265863,
      "mae": 0.03295402729659898,
      "diff": 0.03166028807605594,
      "r2": 0.8947378236145429,
      "feature": [
        "EXEC",
        "IPC",
        "L3HIT",
        "L2MPI",
        "PhysIPC%",
        "INST",
        "MEM",
        "FREQ",
        "INSTnom%",
        "L2MISS",
        "L3MPI",
        "L3MISS"
      ],
      "poly": true,
      "model_type": "BR"
    },
    "ferret2": {
      "file": "/var/www/html/rapid_server/storage/apps/algaesim-ferret/ferret2",
      "mse": 0.03278552679341605,
      "mae": 0.023906688116461423,
      "diff": 0.02213033807927544,
      "r2": 0.9404284078316043,
      "feature": [
        "EXEC",
        "IPC",
        "L3HIT",
        "FREQ",
        "L3MISS"
      ],
      "poly": true,
      "model_type": "LS"
    },
    "ferret3": {
      "file": "/var/www/html/rapid_server/storage/apps/algaesim-ferret/ferret3",
      "mse": 0.03024540478799381,
      "mae": 0.02283087919771538,
      "diff": 0.02149554764233322,
      "r2": 0.9438999722270949,
      "feature": [
        "EXEC",
        "IPC",
        "L3HIT"
      ],
      "poly": true,
      "model_type": "LS"
    }
  },
  "TRAINED": true,
  "CLUSTERED": true,
  "num_of_cluster": 3,
  "cluster_info": {
    "ferret1": {
      "cluster": [
        "hash-8-itr-14-probe-10",
        "hash-8-itr-4-probe-20",
        "hash-5-itr-17-probe-12",
        "hash-7-itr-17-probe-20",
        "hash-7-itr-12-probe-4"
      ],
      "env": {
        "ACYC": 7729.166666665999,
        "AFREQ": 1.05,
        "EXEC": 0.41641666666660004,
        "FREQ": 0.4575166666666,
        "INST": 7034.0,
        "INSTnom": 0.8329333333333999,
        "INSTnom%": 20.835,
        "IPC": 0.9102666666665999,
        "L2MISS": 27.360000000000003,
        "L2MPI": 0.003898833333334,
        "L3HIT": 0.8629166666666,
        "L3MISS": 3.217833333334,
        "L3MPI": 0.0004613,
        "PhysIPC": 1.8206666666659999,
        "PhysIPC%": 45.506666666659996,
        "READ": 1.353716666666,
        "TIME(ticks)": 2111.666666666,
        "WRITE": 0.145
      }
    },
    "ferret2": {
      "cluster": [
        "hash-6-itr-25-probe-20",
        "hash-8-itr-2-probe-10",
        "hash-7-itr-7-probe-14",
        "hash-7-itr-19-probe-20",
        "hash-8-itr-14-probe-12",
        "hash-8-itr-14-probe-16",
        "hash-8-itr-4-probe-10",
        "hash-8-itr-17-probe-20",
        "hash-7-itr-7-probe-12",
        "hash-8-itr-7-probe-20",
        "hash-8-itr-12-probe-12",
        "hash-8-itr-4-probe-18",
        "hash-8-itr-2-probe-20",
        "hash-6-itr-25-probe-16",
        "hash-6-itr-25-probe-18",
        "hash-8-itr-12-probe-14",
        "hash-6-itr-9-probe-20",
        "hash-8-itr-4-probe-16",
        "hash-6-itr-17-probe-16",
        "hash-6-itr-19-probe-20",
        "hash-6-itr-19-probe-16",
        "hash-7-itr-12-probe-20",
        "hash-7-itr-9-probe-12",
        "hash-8-itr-22-probe-20",
        "hash-7-itr-9-probe-16",
        "hash-7-itr-9-probe-14",
        "hash-8-itr-19-probe-16",
        "hash-7-itr-9-probe-18",
        "hash-6-itr-22-probe-16",
        "hash-6-itr-14-probe-18",
        "hash-7-itr-25-probe-18",
        "hash-7-itr-14-probe-12",
        "hash-6-itr-14-probe-20",
        "hash-7-itr-14-probe-16",
        "hash-7-itr-22-probe-20",
        "hash-7-itr-7-probe-20",
        "hash-6-itr-22-probe-20",
        "hash-6-itr-12-probe-20",
        "hash-6-itr-22-probe-18",
        "hash-8-itr-25-probe-20",
        "hash-7-itr-9-probe-20",
        "hash-7-itr-17-probe-14",
        "hash-7-itr-17-probe-16",
        "hash-7-itr-17-probe-12",
        "hash-7-itr-17-probe-18",
        "hash-8-itr-12-probe-20",
        "hash-6-itr-14-probe-16",
        "hash-7-itr-14-probe-20",
        "hash-7-itr-22-probe-14",
        "hash-7-itr-22-probe-16",
        "hash-7-itr-25-probe-16",
        "hash-7-itr-22-probe-12",
        "hash-8-itr-14-probe-14",
        "hash-8-itr-14-probe-20",
        "hash-8-itr-17-probe-18",
        "hash-7-itr-22-probe-18",
        "hash-8-itr-17-probe-10",
        "hash-8-itr-17-probe-16",
        "hash-8-itr-17-probe-14",
        "hash-8-itr-12-probe-18",
        "hash-8-itr-9-probe-12",
        "hash-8-itr-12-probe-10",
        "hash-8-itr-4-probe-12",
        "hash-8-itr-4-probe-14",
        "hash-8-itr-12-probe-16",
        "hash-7-itr-14-probe-18",
        "hash-8-itr-9-probe-10",
        "hash-6-itr-7-probe-20",
        "hash-7-itr-25-probe-14",
        "hash-7-itr-25-probe-20",
        "hash-7-itr-12-probe-18",
        "hash-7-itr-12-probe-16",
        "hash-7-itr-12-probe-14",
        "hash-7-itr-12-probe-12",
        "hash-8-itr-22-probe-12",
        "hash-8-itr-22-probe-10",
        "hash-8-itr-22-probe-16",
        "hash-8-itr-22-probe-14",
        "hash-8-itr-19-probe-20",
        "hash-8-itr-9-probe-18",
        "hash-7-itr-19-probe-18",
        "hash-7-itr-19-probe-16",
        "hash-7-itr-19-probe-14",
        "hash-7-itr-19-probe-12",
        "hash-7-itr-14-probe-14",
        "hash-7-itr-7-probe-18",
        "hash-7-itr-7-probe-16",
        "hash-5-itr-22-probe-16",
        "hash-6-itr-7-probe-18",
        "hash-8-itr-25-probe-18",
        "hash-6-itr-19-probe-18",
        "hash-6-itr-7-probe-16",
        "hash-8-itr-7-probe-10",
        "hash-8-itr-7-probe-12",
        "hash-8-itr-7-probe-14",
        "hash-8-itr-7-probe-16",
        "hash-8-itr-7-probe-18",
        "hash-8-itr-25-probe-14",
        "hash-6-itr-9-probe-18",
        "hash-8-itr-9-probe-16",
        "hash-8-itr-9-probe-14",
        "hash-6-itr-9-probe-16",
        "hash-6-itr-17-probe-20",
        "hash-8-itr-9-probe-20",
        "hash-8-itr-19-probe-14",
        "hash-8-itr-14-probe-18",
        "hash-6-itr-17-probe-18",
        "hash-8-itr-19-probe-12",
        "hash-8-itr-22-probe-18",
        "hash-8-itr-19-probe-18",
        "hash-7-itr-25-probe-12",
        "hash-8-itr-2-probe-18",
        "hash-8-itr-2-probe-16",
        "hash-8-itr-2-probe-14",
        "hash-8-itr-2-probe-12",
        "hash-8-itr-17-probe-12",
        "hash-8-itr-19-probe-10",
        "hash-6-itr-12-probe-16",
        "hash-8-itr-25-probe-16",
        "hash-6-itr-12-probe-18",
        "hash-8-itr-25-probe-12",
        "hash-8-itr-25-probe-10"
      ],
      "env": {
        "ACYC": 2253.7021857922127,
        "AFREQ": 1.0358688524582782,
        "EXEC": 0.17542554644806554,
        "FREQ": 0.1329781420765246,
        "INST": 2972.704918032869,
        "INSTnom": 0.3508811475409917,
        "INSTnom%": 8.772083333333443,
        "IPC": 1.319023224043688,
        "L2MISS": 4.982998633879839,
        "L2MPI": 0.0016978613387977869,
        "L3HIT": 0.3069378415300574,
        "L3MISS": 3.459706284153276,
        "L3MPI": 0.0011784453551909018,
        "PhysIPC": 2.63879781420746,
        "PhysIPC%": 65.96734972677459,
        "READ": 1.203732240437295,
        "TIME(ticks)": 2120.122950820164,
        "WRITE": 0.04885031420765411
      }
    },