{
  "TRAINED": true,
  "num_of_cluster": 4,
  "CLUSTERED": true,
  "cluster_info": {
    "svm1": {
      "env": {
        "INSTnom": 0.2936711111110598,
        "ACYC": 1874.8444444447998,
        "READ": 2.2369466666660007,
        "L3MPI": 0.0005491428888888998,
        "L2HIT": 0.6168111111111202,
        "L3MISS": 1.0039155555557995,
        "L3HIT": 0.7655711111111,
        "INSTnom%": 7.341866666667602,
        "INST": 2470.1288888886,
        "TIME(ticks)": 2101.2666666666,
        "FREQ": 0.11146066666670004,
        "EXEC": 0.14684555555556006,
        "IPC": 1.3530199999993997,
        "WRITE": 1.2334088888886003,
        "L2MPI": 0.0024352999999998,
        "AFREQ": 0.7474955555554398,
        "L2MISS": 6.1165688888884,
        "PhysIPC": 2.7063777777776,
        "PhysIPC%": 67.65177777777998
      },
      "cluster": [
        "batch-5-learning-1-regular-5",
        "batch-5-learning-1-regular-4",
        "batch-5-learning-1-regular-3",
        "batch-5-learning-1-regular-2",
        "batch-5-learning-1-regular-1",
        "batch-5-learning-45-regular-2",
        "batch-5-learning-45-regular-3",
        "batch-5-learning-45-regular-1",
        "batch-5-learning-45-regular-4",
        "batch-5-learning-45-regular-5",
        "batch-5-learning-34-regular-1",
        "batch-5-learning-56-regular-2",
        "batch-5-learning-56-regular-4",
        "batch-5-learning-34-regular-4",
        "batch-5-learning-100-regular-2",
        "batch-5-learning-100-regular-1",
        "batch-5-learning-23-regular-4",
        "batch-5-learning-23-regular-5",
        "batch-5-learning-23-regular-2",
        "batch-5-learning-23-regular-3",
        "batch-5-learning-23-regular-1",
        "batch-5-learning-67-regular-1",
        "batch-5-learning-100-regular-3",
        "batch-5-learning-100-regular-5",
        "batch-5-learning-100-regular-4",
        "batch-5-learning-12-regular-1",
        "batch-5-learning-89-regular-2",
        "batch-5-learning-89-regular-3",
        "batch-5-learning-89-regular-1",
        "batch-5-learning-89-regular-4",
        "batch-5-learning-89-regular-5",
        "batch-5-learning-12-regular-4",
        "batch-5-learning-34-regular-2",
        "batch-5-learning-34-regular-3",
        "batch-5-learning-34-regular-5",
        "batch-5-learning-12-regular-5",
        "batch-5-learning-12-regular-2",
        "batch-5-learning-67-regular-4",
        "batch-5-learning-67-regular-5",
        "batch-5-learning-67-regular-2",
        "batch-5-learning-67-regular-3",
        "batch-5-learning-12-regular-3",
        "batch-5-learning-56-regular-5",
        "batch-5-learning-56-regular-3",
        "batch-5-learning-56-regular-1",
        "batch-5-learning-78-regular-2",
        "batch-5-learning-78-regular-3",
        "batch-5-learning-78-regular-1",
        "batch-5-learning-78-regular-4",
        "batch-5-learning-78-regular-5"
      ]
    },
    "svm2": {
      "env": {
        "INSTnom": 0.25917714285714005,
        "ACYC": 1874.6571428573998,
        "READ": 2.047385714285399,
        "L3MPI": 0.00067452600000002,
        "L2HIT": 0.6433228571428999,
        "L3MISS": 1.1422028571427998,
        "L3HIT": 0.7121028571429402,
        "INSTnom%": 6.479028571428601,
        "INST": 2178.9628571427997,
        "TIME(ticks)": 2101.1714285716,
        "FREQ": 0.11146228571427999,
        "EXEC": 0.12956685714288002,
        "IPC": 1.1928799999996,
        "WRITE": 1.3787342857132003,
        "L2MPI": 0.0021639142857142004,
        "AFREQ": 0.7454485714285404,
        "L2MISS": 4.4979742857142,
        "PhysIPC": 2.3857142857138,
        "PhysIPC%": 59.637999999997994
      },
      "cluster": [
        "batch-4-learning-100-regular-2",
        "batch-4-learning-100-regular-3",
        "batch-4-learning-100-regular-1",
        "batch-4-learning-100-regular-4",
        "batch-4-learning-100-regular-5",
        "batch-4-learning-56-regular-5",
        "batch-4-learning-56-regular-2",
        "batch-4-learning-78-regular-2",
        "batch-4-learning-45-regular-2",
        "batch-4-learning-23-regular-5",
        "batch-4-learning-23-regular-4",
        "batch-4-learning-23-regular-3",
        "batch-4-learning-23-regular-2",
        "batch-4-learning-23-regular-1",
        "batch-4-learning-67-regular-5",
        "batch-4-learning-67-regular-4",
        "batch-4-learning-67-regular-3",
        "batch-4-learning-67-regular-2",
        "batch-4-learning-67-regular-1",
        "batch-4-learning-78-regular-5",
        "batch-4-learning-78-regular-4",
        "batch-4-learning-78-regular-3",
        "batch-4-learning-78-regular-1",
        "batch-4-learning-56-regular-4",
        "batch-4-learning-56-regular-3",
        "batch-4-learning-12-regular-5",
        "batch-4-learning-12-regular-4",
        "batch-4-learning-12-regular-3",
        "batch-4-learning-12-regular-2",
        "batch-4-learning-12-regular-1",
        "batch-4-learning-45-regular-5",
        "batch-4-learning-45-regular-4",
        "batch-4-learning-45-regular-3",
        "batch-4-learning-45-regular-1",
        "batch-4-learning-89-regular-5",
        "batch-4-learning-89-regular-4",
        "batch-4-learning-89-regular-3",
        "batch-4-learning-89-regular-2",
        "batch-4-learning-89-regular-1",
        "batch-4-learning-56-regular-1",
        "batch-4-learning-34-regular-5",
        "batch-4-learning-34-regular-4",
        "batch-4-learning-34-regular-3",
        "batch-4-learning-34-regular-2",
        "batch-4-learning-34-regular-1",
        "batch-4-learning-1-regular-1",
        "batch-4-learning-1-regular-2",
        "batch-4-learning-1-regular-3",
        "batch-4-learning-1-regular-4",
        "batch-4-learning-1-regular-5"
      ]
    },
    "svm3": {
      "env": {
        "INSTnom": 0.23537864077677678,
        "ACYC": 1885.4207119738833,
        "READ": 1.9041181229776696,
        "L3MPI": 0.000769861003236223,
        "L2HIT": 0.6760550161812425,
        "L3MISS": 1.2709983818773787,
        "L3HIT": 0.6642475728154948,
        "INSTnom%": 5.884482200647282,
        "INST": 1980.6844660197091,
        "TIME(ticks)": 2102.621359223301,
        "FREQ": 0.1120305825243107,
        "EXEC": 0.11769401294500972,
        "IPC": 1.0746278317152431,
        "WRITE": 1.4604692556630094,
        "L2MPI": 0.0018668640776703875,
        "AFREQ": 0.7399644012944658,
        "L2MISS": 3.1461569579288353,
        "PhysIPC": 2.148818770226797,
        "PhysIPC%": 53.72281553397959
      },