{
  "name": "bodytrack",
  "machine_id": 0,
  "model_params": {
    "bodytrack1": {
      "file": "/var/www/html/rapid_server/storage/apps/algaesim-bodytrack/bodytrack1",
      "mse": 0.06255911091794776,
      "mae": 0.050190466506082436,
      "diff": 0.04829274931421274,
      "r2": 0.29456869785309325,
      "feature": [
        "EXEC",
        "L2MISS",
        "IPC",
        "PhysIPC%",
        "FREQ",
        "L2MPI",
        "MEM",
        "L3HIT",
        "L3MISS",
        "INST",
        "L3MPI",
        "INSTnom%"
      ],
      "poly": true,
      "model_type": "BR"
    },
    "bodytrack2": {
      "file": "/var/www/html/rapid_server/storage/apps/algaesim-bodytrack/bodytrack2",
      "mse": 0.030569645396132432,
      "mae": 0.021108471329293103,
      "diff": 0.019523660367540118,
      "r2": 0.8759913823416507,
      "feature": [
        "EXEC",
        "L2MISS",
        "L3MISS",
        "L3MPI",
        "INST",
        "PhysIPC%",
        "L3HIT",
        "IPC",
        "INSTnom%",
        "MEM",
        "FREQ",
        "L2MPI"
      ],
      "poly": true,
      "model_type": "BR"
    }
  },
  "TRAINED": true,
  "CLUSTERED": true,
  "num_of_cluster": 2,
  "cluster_info": {
    "bodytrack1": {
      "cluster": [
        "layer-5-particle-100",
        "layer-1-particle-966",
        "layer-2-particle-100",
        "layer-3-particle-100",
        "layer-2-particle-533",
        "layer-1-particle-533",
        "layer-1-particle-100",
        "layer-4-particle-100",
        "layer-1-particle-1399"
      ],
      "env": {
        "ACYC": 2263.3333333333335,
        "AFREQ": 0.9972222222222223,
        "EXEC": 0.35661111111111116,
        "FREQ": 0.13355555555555554,
        "INST": 6042.222222222223,
        "INSTnom": 0.7127777777777777,
        "INSTnom%": 17.833333333333332,
        "IPC": 2.6722222222222225,
        "L2MISS": 3.393333333333333,
        "L2MPI": 0.0005679999999999999,
        "L3HIT": 0.9617777777777776,
        "L3MISS": 0.10188888888888888,
        "L3MPI": 1.7011111111111113e-05,
        "PhysIPC": 5.344444444444444,
        "PhysIPC%": 133.55555555555554,
        "READ": 0.1533888888888889,
        "TIME(ticks)": 2115.0,
        "WRITE": 0.04985
      }
    },
    "bodytrack2": {
      "cluster": [
        "layer-2-particle-2266",
        "layer-4-particle-2266",
        "layer-2-particle-1833",
        "layer-1-particle-2700",
        "layer-2-particle-3133",
        "layer-4-particle-4000",
        "layer-3-particle-2266",
        "layer-3-particle-2700",
        "layer-5-particle-2266",
        "layer-5-particle-1399",
        "layer-2-particle-966",
        "layer-2-particle-1399",
        "layer-5-particle-3133",
        "layer-3-particle-1399",
        "layer-5-particle-966",
        "layer-4-particle-1833",
        "layer-4-particle-3133",
        "layer-5-particle-1833",
        "layer-3-particle-3133",
        "layer-3-particle-966",
        "layer-4-particle-966",
        "layer-5-particle-533",
        "layer-3-particle-1833",
        "layer-1-particle-4000",
        "layer-2-particle-2700",
        "layer-1-particle-1833",
        "layer-3-particle-4000",
        "layer-1-particle-3133",
        "layer-2-particle-4000",
        "layer-4-particle-533",
        "layer-1-particle-2266",
        "layer-5-particle-2700",
        "layer-5-particle-4000",
        "layer-4-particle-2700",
        "layer-3-particle-533",
        "layer-4-particle-1399"
      ],
      "env": {
        "ACYC": 2286.717932213333,
        "AFREQ": 1.055422315815,
        "EXEC": 0.3119702588307221,
        "FREQ": 0.13484705036699998,
        "INST": 5290.778223228888,
        "INSTnom": 0.6239335736023333,
        "INSTnom%": 15.595591573913888,
        "IPC": 2.3137928179761107,
        "L2MISS": 7.417104027553888,
        "L2MPI": 0.0014099010146991662,
        "L3HIT": 0.9920600520439995,
        "L3MISS": 0.05515332637134167,
        "L3MPI": 1.0340808631410278e-05,
        "PhysIPC": 4.627117722419166,
        "PhysIPC%": 115.6819267878611,
        "READ": 0.0933572489093972,
        "TIME(ticks)": 2120.938266617222,
        "WRITE": 0.026834156804974998
      }
    }
  },
  "overwrite": false,
  "maxes": {
    "EXEC": 1.5,
    "FREQ": 0.942363636364,
    "INST": 1.5498819362455727,
    "INSTnom%": 0.75,
    "IPC": 2.76,
    "L2MISS": 313.88888888900004,
    "L2MPI": 0.0277111111111,
    "L3HIT": 1.0,
    "L3MISS": 5.8275,
    "L3MPI": 0.000695,
    "PhysIPC%": 1.38,
    "MEM": 7.0725
  },
  "model_type": "LINEAR"
}