{
  "CLUSTERED": true,
  "model_type": "LINEAR",
  "model_params": {
    "ferret1": {
      "model_type": "linear",
      "diff": 0.05734314403131164,
      "mse": 0.0840925808186916,
      "feature": [
        "AFREQ",
        "EXEC",
        "FREQ",
        "INST",
        "INSTnom",
        "IPC",
        "L2MPI",
        "L3HIT",
        "PhysIPC%",
        "MEM"
      ],
      "file": "/var/www/html/rapid_server/storage/apps/liuliu-eel-ferret/ferret1.pkl",
      "r2": 0.7049918834141349,
      "poly": false,
      "mae": 0.06689358747276004
    },
    "ferret2": {
      "model_type": "linear",
      "diff": 0.036811909920886204,
      "mse": 0.05666527473732715,
      "feature": [
        "AFREQ",
        "EXEC",
        "FREQ",
        "INST",
        "INSTnom",
        "IPC",
        "L2MPI",
        "L3HIT",
        "PhysIPC%",
        "MEM"
      ],
      "file": "/var/www/html/rapid_server/storage/apps/liuliu-eel-ferret/ferret2.pkl",
      "r2": 0.7978976675573772,
      "poly": false,
      "mae": 0.04408693342344095
    },
    "ferret3": {
      "model_type": "linear",
      "diff": 0.04239206432775451,
      "mse": 0.06359091354821958,
      "feature": [
        "AFREQ",
        "FREQ",
        "INST",
        "INSTnom",
        "IPC",
        "L2HIT",
        "L2MPI",
        "L3HIT",
        "PhysIPC%",
        "MEM"
      ],
      "file": "/var/www/html/rapid_server/storage/apps/liuliu-eel-ferret/ferret3.pkl",
      "r2": 0.7616912239714286,
      "poly": false,
      "mae": 0.05010920285632285
    }
  },
  "TRAINED": true,
  "cluster_info": {
    "ferret1": {
      "env": {
        "READ": 0.6147780045351429,
        "INSTnom": 0.47942653061223806,
        "L3MISS": 0.9105269841269522,
        "L3HIT": 0.4321188208616667,
        "WRITE": 0.04149336734693808,
        "ACYC": 2252.8979591842863,
        "PhysIPC": 3.6011020408171426,
        "L2MISS": 1.6323004535147616,
        "INSTnom%": 11.983843537419526,
        "L2MPI": 0.00042252494331066663,
        "AFREQ": 1.0087269841270479,
        "TIME(ticks)": 2117.947845805238,
        "L3MPI": 0.00023364977324266665,
        "IPC": 1.8011224489790476,
        "EXEC": 0.23975736961447616,
        "L2HIT": 0.6417639455781904,
        "PhysIPC%": 90.04024943310478,
        "FREQ": 0.1329405895692381,
        "INST": 4063.6077097499997
      },
      "cluster": [
        "hash-4-itr-22-probe-16",
        "hash-2-itr-22-probe-20",
        "hash-7-itr-17-probe-2",
        "hash-7-itr-22-probe-2",
        "hash-7-itr-19-probe-2",
        "hash-8-itr-25-probe-2",
        "hash-4-itr-25-probe-18",
        "hash-4-itr-25-probe-16",
        "hash-8-itr-22-probe-2",
        "hash-8-itr-22-probe-4",
        "hash-3-itr-22-probe-20",
        "hash-2-itr-25-probe-20",
        "hash-3-itr-25-probe-18",
        "hash-3-itr-25-probe-20",
        "hash-3-itr-25-probe-16",
        "hash-3-itr-22-probe-16",
        "hash-3-itr-22-probe-18",
        "hash-4-itr-25-probe-20",
        "hash-4-itr-22-probe-18",
        "hash-7-itr-25-probe-4",
        "hash-7-itr-25-probe-2"
      ]
    },
    "ferret2": {
      "env": {
        "READ": 0.7444876352813864,
        "INSTnom": 0.47252280844155675,
        "L3MISS": 1.2933889880956817,
        "L3HIT": 0.40101387987017056,
        "WRITE": 0.04434871888528067,
        "ACYC": 2317.5597943722732,
        "PhysIPC": 3.466999188311705,
        "L2MISS": 2.1761791125539762,
        "INSTnom%": 11.81327867964773,
        "L2MPI": 0.0005536521645021706,
        "AFREQ": 1.022518885281443,
        "TIME(ticks)": 2122.337662337387,
        "L3MPI": 0.0003303313852813976,
        "IPC": 1.7333739177487502,
        "EXEC": 0.23627813852819315,
        "L2HIT": 0.5831393398267954,
        "PhysIPC%": 86.67669101731363,
        "FREQ": 0.1364427759740227,
        "INST": 4011.8184523806817
      },
      "cluster": [
        "hash-5-itr-14-probe-12",
        "hash-6-itr-17-probe-14",
        "hash-8-itr-12-probe-2",
        "hash-5-itr-25-probe-20",
        "hash-6-itr-25-probe-12",
        "hash-8-itr-17-probe-8",
        "hash-6-itr-25-probe-14",
        "hash-6-itr-25-probe-16",
        "hash-6-itr-25-probe-18",
        "hash-7-itr-9-probe-2",
        "hash-8-itr-17-probe-6",
        "hash-8-itr-17-probe-4",
        "hash-7-itr-22-probe-8",
        "hash-5-itr-22-probe-20",
        "hash-7-itr-19-probe-8",
        "hash-7-itr-17-probe-4",
        "hash-7-itr-19-probe-6",
        "hash-7-itr-22-probe-6",
        "hash-7-itr-19-probe-4",
        "hash-8-itr-9-probe-2",
        "hash-6-itr-22-probe-16",
        "hash-7-itr-22-probe-4",
        "hash-8-itr-25-probe-8",
        "hash-8-itr-25-probe-4",
        "hash-8-itr-25-probe-6",
        "hash-5-itr-14-probe-14",
        "hash-5-itr-17-probe-18",
        "hash-5-itr-17-probe-14",
        "hash-5-itr-17-probe-12",
        "hash-5-itr-25-probe-14",
        "hash-4-itr-14-probe-18",
        "hash-4-itr-14-probe-16",
        "hash-6-itr-22-probe-12",
        "hash-6-itr-22-probe-14",
        "hash-7-itr-17-probe-10",
        "hash-7-itr-12-probe-6",
        "hash-7-itr-12-probe-4",
        "hash-7-itr-12-probe-2",
        "hash-7-itr-22-probe-14",
        "hash-7-itr-22-probe-10",
        "hash-7-itr-25-probe-10",
        "hash-7-itr-22-probe-12",
        "hash-8-itr-19-probe-4",
        "hash-4-itr-17-probe-20",
        "hash-7-itr-25-probe-8",
        "hash-5-itr-25-probe-18",
        "hash-4-itr-12-probe-20",
        "hash-8-itr-22-probe-8",
        "hash-8-itr-19-probe-2",
        "hash-8-itr-22-probe-6",
        "hash-7-itr-7-probe-2",
        "hash-7-itr-14-probe-2",
        "hash-7-itr-14-probe-4",
        "hash-7-itr-14-probe-6",
        "hash-8-itr-22-probe-12",
        "hash-8-itr-22-probe-10",
        "hash-4-itr-12-probe-18",
        "hash-7-itr-17-probe-8",
        "hash-4-itr-14-probe-20",
        "hash-4-itr-12-probe-16",
        "hash-7-itr-19-probe-12",
        "hash-7-itr-19-probe-10",
        "hash-5-itr-22-probe-18",
        "hash-4-itr-22-probe-20",
        "hash-5-itr-22-probe-12",
        "hash-5-itr-22-probe-16",
        "hash-5-itr-22-probe-14",
        "hash-6-itr-19-probe-12",
        "hash-5-itr-25-probe-16",
        "hash-7-itr-17-probe-6",
        "hash-8-itr-25-probe-14",
        "hash-4-itr-19-probe-16",
        "hash-4-itr-19-probe-20",
        "hash-5-itr-19-probe-14",
        "hash-5-itr-19-probe-16",
        "hash-5-itr-19-probe-12",
        "hash-5-itr-19-probe-18",
        "hash-4-itr-19-probe-18",
        "hash-4-itr-17-probe-16",
        "hash-8-itr-17-probe-2",
        "hash-8-itr-14-probe-2",
        "hash-8-itr-14-probe-4",
        "hash-4-itr-17-probe-18",
        "hash-8-itr-19-probe-6",
        "hash-8-itr-19-probe-8",
        "hash-7-itr-25-probe-6",
        "hash-5-itr-25-probe-12",
        "hash-8-itr-12-probe-4"
      ]
    },
    "ferret3": {
      "env": {
        "READ": 0.912038494439737,
        "INSTnom": 0.44075384944394574,
        "L3MISS": 1.8355201454232333,
        "L3HIT": 0.3636266752209759,
        "WRITE": 0.04718033860849642,
        "ACYC": 2284.5939549471254,
        "PhysIPC": 3.2767680353577253,
        "L2MISS": 2.879082691759102,
        "INSTnom%": 11.018536213287424,
        "L2MPI": 0.0007879735671514072,
        "AFREQ": 1.0091515540346576,
        "TIME(ticks)": 2120.637867122695,
        "L3MPI": 0.000504315312232659,
        "IPC": 1.6384185913886227,
        "EXEC": 0.2203887795836826,
        "L2HIT": 0.5102404619332876,
        "PhysIPC%": 81.91767607641671,
        "FREQ": 0.13461129170229946,
        "INST": 3739.218420302395
      },