{
  "TRAINED": true,
  "model_type": "LINEAR",
  "overwrite": true,
  "name": "ferret",
  "cluster_info": {
    "ferret1": {
      "env": {
        "L3MISS": 1.5922868184955277,
        "L3MPI": 0.0004282480590062064,
        "TIME(ticks)": 2120.9751552793114,
        "INSTnom": 0.4538255693581629,
        "EXEC": 0.22692864906833327,
        "INSTnom%": 11.345379658383374,
        "PhysIPC%": 84.05306504485654,
        "AFREQ": 1.0133812974464607,
        "WRITE": 0.04584479899930909,
        "L2MISS": 2.5601046411316304,
        "INST": 3850.816166321558,
        "L2MPI": 0.000685456521739131,
        "FREQ": 0.13506812456866668,
        "PhysIPC": 3.3620990338164134,
        "ACYC": 2292.6931504485506,
        "READ": 0.8359988354037542,
        "L2HIT": 0.5434908040027501,
        "IPC": 1.6810738440302537,
        "L3HIT": 0.38075859213251123
      },
      "cluster": [
        "hash-8-itr-7-probe-8",
        "hash-6-itr-25-probe-20",
        "hash-8-itr-2-probe-10",
        "hash-8-itr-7-probe-2",
        "hash-8-itr-7-probe-4",
        "hash-8-itr-7-probe-6",
        "hash-5-itr-14-probe-12",
        "hash-7-itr-7-probe-14",
        "hash-7-itr-19-probe-20",
        "hash-4-itr-22-probe-16",
        "hash-6-itr-17-probe-14",
        "hash-8-itr-14-probe-12",
        "hash-8-itr-14-probe-10",
        "hash-8-itr-14-probe-16",
        "hash-8-itr-12-probe-8",
        "hash-8-itr-12-probe-6",
        "hash-7-itr-7-probe-10",
        "hash-8-itr-14-probe-18",
        "hash-8-itr-12-probe-2",
        "hash-8-itr-4-probe-10",
        "hash-8-itr-17-probe-20",
        "hash-7-itr-7-probe-12",
        "hash-5-itr-25-probe-20",
        "hash-8-itr-7-probe-20",
        "hash-8-itr-4-probe-12",
        "hash-7-itr-9-probe-8",
        "hash-8-itr-4-probe-20",
        "hash-6-itr-25-probe-12",
        "hash-8-itr-17-probe-8",
        "hash-6-itr-25-probe-14",
        "hash-6-itr-25-probe-16",
        "hash-6-itr-25-probe-18",
        "hash-8-itr-12-probe-14",
        "hash-7-itr-9-probe-2",
        "hash-7-itr-9-probe-4",
        "hash-8-itr-17-probe-6",
        "hash-7-itr-9-probe-6",
        "hash-8-itr-17-probe-4",
        "hash-6-itr-9-probe-20",
        "hash-2-itr-22-probe-20",
        "hash-8-itr-4-probe-16",
        "hash-6-itr-17-probe-16",
        "hash-6-itr-19-probe-20",
        "hash-6-itr-19-probe-16",
        "hash-7-itr-17-probe-2",
        "hash-7-itr-22-probe-8",
        "hash-5-itr-22-probe-20",
        "hash-7-itr-19-probe-8",
        "hash-7-itr-17-probe-4",
        "hash-7-itr-12-probe-20",
        "hash-7-itr-22-probe-2",
        "hash-7-itr-19-probe-6",
        "hash-7-itr-22-probe-6",
        "hash-7-itr-19-probe-2",
        "hash-7-itr-9-probe-12",
        "hash-7-itr-19-probe-4",
        "hash-7-itr-9-probe-10",
        "hash-8-itr-9-probe-4",
        "hash-7-itr-9-probe-16",
        "hash-8-itr-9-probe-2",
        "hash-7-itr-9-probe-14",
        "hash-7-itr-9-probe-18",
        "hash-6-itr-22-probe-16",
        "hash-7-itr-22-probe-4",
        "hash-8-itr-9-probe-8",
        "hash-6-itr-14-probe-18",
        "hash-7-itr-25-probe-18",
        "hash-8-itr-25-probe-8",
        "hash-5-itr-12-probe-12",
        "hash-8-itr-25-probe-4",
        "hash-7-itr-14-probe-10",
        "hash-8-itr-25-probe-6",
        "hash-7-itr-14-probe-12",
        "hash-6-itr-14-probe-20",
        "hash-8-itr-25-probe-2",
        "hash-7-itr-14-probe-16",
        "hash-7-itr-22-probe-20",
        "hash-5-itr-14-probe-14",
        "hash-7-itr-7-probe-20",
        "hash-5-itr-17-probe-18",
        "hash-5-itr-17-probe-16",
        "hash-6-itr-22-probe-20",
        "hash-5-itr-17-probe-14",
        "hash-5-itr-17-probe-12",
        "hash-5-itr-14-probe-18",
        "hash-5-itr-25-probe-14",
        "hash-8-itr-9-probe-6",
        "hash-6-itr-12-probe-20",
        "hash-8-itr-22-probe-20",
        "hash-6-itr-22-probe-18",
        "hash-4-itr-14-probe-18",
        "hash-8-itr-25-probe-20",
        "hash-4-itr-14-probe-16",
        "hash-7-itr-17-probe-20",
        "hash-6-itr-22-probe-12",
        "hash-6-itr-22-probe-14",
        "hash-7-itr-9-probe-20",
        "hash-7-itr-17-probe-14",
        "hash-7-itr-17-probe-16",
        "hash-7-itr-17-probe-10",
        "hash-7-itr-17-probe-12",
        "hash-6-itr-14-probe-14",
        "hash-6-itr-14-probe-12",
        "hash-7-itr-17-probe-18",
        "hash-8-itr-12-probe-20",
        "hash-6-itr-14-probe-16",
        "hash-7-itr-12-probe-6",
        "hash-7-itr-12-probe-4",
        "hash-7-itr-14-probe-20",
        "hash-7-itr-12-probe-2",
        "hash-5-itr-12-probe-16",
        "hash-7-itr-22-probe-14",
        "hash-5-itr-12-probe-18",
        "hash-7-itr-22-probe-16",
        "hash-7-itr-25-probe-16",
        "hash-7-itr-22-probe-10",
        "hash-7-itr-25-probe-10",
        "hash-7-itr-22-probe-12",
        "hash-7-itr-12-probe-8",
        "hash-8-itr-14-probe-14",
        "hash-8-itr-19-probe-4",
        "hash-8-itr-14-probe-20",
        "hash-5-itr-14-probe-16",
        "hash-4-itr-17-probe-20",
        "hash-4-itr-25-probe-18",
        "hash-8-itr-17-probe-18",
        "hash-7-itr-25-probe-8",
        "hash-5-itr-25-probe-18",
        "hash-8-itr-17-probe-12",
        "hash-8-itr-17-probe-10",
        "hash-4-itr-25-probe-16",
        "hash-8-itr-17-probe-16",
        "hash-8-itr-12-probe-18",
        "hash-8-itr-17-probe-14",
        "hash-8-itr-4-probe-18",
        "hash-4-itr-12-probe-20",
        "hash-8-itr-22-probe-8",
        "hash-8-itr-9-probe-12",
        "hash-8-itr-12-probe-10",
        "hash-8-itr-22-probe-2",
        "hash-8-itr-12-probe-12",
        "hash-8-itr-19-probe-2",
        "hash-8-itr-4-probe-14",
        "hash-8-itr-22-probe-6",
        "hash-8-itr-12-probe-16",
        "hash-8-itr-22-probe-4",
        "hash-7-itr-14-probe-18",
        "hash-8-itr-9-probe-10",
        "hash-6-itr-7-probe-20",
        "hash-7-itr-25-probe-14",
        "hash-7-itr-25-probe-20",
        "hash-7-itr-7-probe-2",
        "hash-5-itr-12-probe-20",
        "hash-8-itr-2-probe-8",
        "hash-3-itr-22-probe-20",
        "hash-7-itr-12-probe-18",
        "hash-8-itr-2-probe-4",
        "hash-7-itr-12-probe-16",
        "hash-8-itr-2-probe-6",
        "hash-7-itr-12-probe-14",
        "hash-7-itr-12-probe-12",
        "hash-8-itr-2-probe-2",
        "hash-7-itr-12-probe-10",
        "hash-2-itr-25-probe-20",
        "hash-7-itr-14-probe-2",
        "hash-7-itr-14-probe-4",
        "hash-7-itr-14-probe-6",
        "hash-8-itr-22-probe-12",
        "hash-8-itr-22-probe-10",
        "hash-8-itr-22-probe-16",
        "hash-8-itr-22-probe-14",
        "hash-8-itr-2-probe-20",
        "hash-8-itr-19-probe-20",
        "hash-8-itr-9-probe-18",
        "hash-4-itr-12-probe-18",
        "hash-7-itr-17-probe-8",
        "hash-7-itr-19-probe-18",
        "hash-4-itr-14-probe-20",
        "hash-7-itr-19-probe-16",
        "hash-5-itr-19-probe-20",
        "hash-4-itr-12-probe-16",
        "hash-7-itr-19-probe-12",
        "hash-7-itr-19-probe-10",
        "hash-7-itr-14-probe-14",
        "hash-3-itr-25-probe-18",
        "hash-5-itr-22-probe-18",
        "hash-7-itr-7-probe-18",
        "hash-4-itr-22-probe-20",
        "hash-7-itr-14-probe-8",
        "hash-5-itr-22-probe-12",
        "hash-3-itr-25-probe-20",
        "hash-7-itr-7-probe-16",
        "hash-5-itr-22-probe-16",
        "hash-5-itr-22-probe-14",
        "hash-3-itr-25-probe-16",
        "hash-6-itr-19-probe-12",
        "hash-6-itr-7-probe-18",
        "hash-6-itr-12-probe-14",
        "hash-3-itr-22-probe-16",
        "hash-6-itr-19-probe-14",
        "hash-3-itr-22-probe-18",
        "hash-6-itr-7-probe-12",
        "hash-6-itr-19-probe-18",
        "hash-6-itr-7-probe-16",
        "hash-6-itr-7-probe-14",
        "hash-8-itr-7-probe-10",
        "hash-8-itr-7-probe-12",
        "hash-8-itr-7-probe-14",
        "hash-8-itr-7-probe-16",
        "hash-5-itr-25-probe-16",
        "hash-8-itr-7-probe-18",
        "hash-6-itr-17-probe-12",
