{
  "name": "swaptions",
  "machine_id": 0,
  "model_params": {
    "swaptions1": {
      "file": "/var/www/html/rapid_server/storage/apps/algaesim-swaptions/swaptions1",
      "mse": 0.0425253733122341,
      "mae": 0.028107209345127095,
      "diff": 0.024557836340603302,
      "r2": 0.9145673847647715,
      "feature": [
        "EXEC",
        "FREQ",
        "PhysIPC%",
        "INST",
        "MEM",
        "L3MISS",
        "INSTnom%",
        "IPC",
        "L3HIT",
        "L3MPI",
        "L2MISS",
        "L2MPI"
      ],
      "poly": true,
      "model_type": "BR"
    }
  },
  "TRAINED": true,
  "CLUSTERED": true,
  "num_of_cluster": 1,
  "cluster_info": {
    "swaptions1": {
      "cluster": [
        "num-700000",
        "num-1000000",
        "num-300000",
        "num-100000",
        "num-900000",
        "num-400000",
        "num-600000",
        "num-800000",
        "num-200000",
        "num-500000"
      ],
      "env": {
        "ACYC": 2280.777842649826,
        "AFREQ": 1.0698825317318343,
        "EXEC": 0.35426607554734363,
        "FREQ": 0.13473767766888836,
        "INST": 5996.484000281524,
        "INSTnom": 0.7084448922794032,
        "INSTnom%": 17.709412315887487,
        "IPC": 2.629693848390551,
        "L2MISS": 0.18752922629704996,
        "L2MPI": 3.09566014239978e-05,
        "L3HIT": 0.896052707344411,
        "L3MISS": 0.01812525214856279,
        "L3MPI": 2.965130357536672e-06,
        "PhysIPC": 5.260299731019095,
        "PhysIPC%": 131.52465919329188,
        "READ": 0.009107466775317706,
        "TIME(ticks)": 2115.5925890069802,
        "WRITE": 0.0016687094304357296
      }
    }
  },
  "overwrite": false,
  "maxes": {
    "EXEC": 1.4365217391304348,
    "FREQ": 1.0400000000000005,
    "INST": 1.3816748563677614,
    "INSTnom%": 0.7190000000000001,
    "IPC": 2.5116818181818177,
    "L2MISS": 285.75,
    "L2MPI": 0.012525,
    "L3HIT": 1.0,
    "L3MISS": 4.066181818181819,
    "L3MPI": 0.0035939090909090908,
    "PhysIPC%": 1.25625,
    "MEM": 5.674545454545454
  },
  "model_type": "LINEAR"
}