,EXEC,GT,Pred
2,0.3080117394826815,1.11865818302,1.1873448749607785
8,0.391729472713096,0.993320936294,0.9713991474640542
4,0.3771996309697388,0.9842050072319999,1.0032377511628447
